Iteration,TrainingPercent,ClassifierName,FeatureSelection,Balancing,CostSensitive,Precision,Recall,AUC,Kappa,F1,TP,FP,TN,FN,Cost
1,45.25547445255474,IBk,none,none,none,0.2,0.06666666666666667,0.5,0.0,0.1,1.0,4.0,56.0,14.0,144.0
1,45.25547445255474,RandomForest,none,none,none,0.0,0.0,0.6633333333333333,0.0,0.0,0.0,0.0,60.0,15.0,150.0
1,45.25547445255474,NaiveBayes,none,none,none,1.0,0.06666666666666667,0.6172222222222222,0.10256410256410249,0.125,1.0,0.0,60.0,14.0,140.0
1,45.25547445255474,IBk,Best First,none,none,0.29411764705882354,0.3333333333333333,0.57,0.1269841269841269,0.3125,5.0,12.0,48.0,10.0,112.0
1,45.25547445255474,RandomForest,Best First,none,none,0.3333333333333333,0.4,0.5361111111111111,0.18604651162790684,0.3636363636363636,6.0,12.0,48.0,9.0,102.0
1,45.25547445255474,NaiveBayes,Best First,none,none,0.0,0.0,0.585,0.0,0.0,0.0,0.0,60.0,15.0,150.0
1,45.25547445255474,IBk,none,none,Sensitive Threshold,0.2,0.06666666666666667,0.5,0.0,0.1,1.0,4.0,56.0,14.0,144.0
1,45.25547445255474,RandomForest,none,none,Sensitive Threshold,0.0,0.0,0.6788888888888889,-0.11111111111111137,0.0,0.0,5.0,55.0,15.0,155.0
1,45.25547445255474,NaiveBayes,none,none,Sensitive Threshold,0.7142857142857143,0.3333333333333333,0.6172222222222222,0.3749999999999999,0.4545454545454545,5.0,2.0,58.0,10.0,102.0
1,45.25547445255474,IBk,Best First,none,Sensitive Threshold,0.29411764705882354,0.3333333333333333,0.57,0.1269841269841269,0.3125,5.0,12.0,48.0,10.0,112.0
1,45.25547445255474,RandomForest,Best First,none,Sensitive Threshold,0.21875,0.4666666666666667,0.5122222222222222,0.03508771929824565,0.2978723404255319,7.0,25.0,35.0,8.0,105.0
1,45.25547445255474,NaiveBayes,Best First,none,Sensitive Threshold,0.2,1.0,0.585,0.0,0.33333333333333337,15.0,60.0,0.0,0.0,60.0
1,45.25547445255474,IBk,none,SMOTE,none,0.3333333333333333,0.13333333333333333,0.5333333333333333,0.08602150537634401,0.19047619047619044,2.0,4.0,56.0,13.0,134.0
1,45.25547445255474,RandomForest,none,SMOTE,none,0.0,0.0,0.6922222222222222,-0.0714285714285715,0.0,0.0,3.0,57.0,15.0,153.0
1,45.25547445255474,NaiveBayes,none,SMOTE,none,0.5,0.13333333333333333,0.6994444444444444,0.13793103448275876,0.2105263157894737,2.0,2.0,58.0,13.0,132.0
1,45.25547445255474,IBk,Best First,SMOTE,none,0.3333333333333333,0.13333333333333333,0.5405555555555556,0.08602150537634401,0.19047619047619044,2.0,4.0,56.0,13.0,134.0
1,45.25547445255474,RandomForest,Best First,SMOTE,none,0.0,0.0,0.6027777777777777,-0.0714285714285715,0.0,0.0,3.0,57.0,15.0,153.0
1,45.25547445255474,NaiveBayes,Best First,SMOTE,none,0.3333333333333333,0.06666666666666667,0.5661111111111111,0.04761904761904734,0.1111111111111111,1.0,2.0,58.0,14.0,142.0
2,39.701492537313435,IBk,none,none,none,0.0,0.0,0.4575,-0.018037135278514537,0.0,0.0,17.0,183.0,2.0,37.0
2,39.701492537313435,RandomForest,none,none,none,0.0,0.0,0.4575,-0.012024048096192067,0.0,0.0,3.0,197.0,2.0,23.0
2,39.701492537313435,NaiveBayes,none,none,none,0.1,0.5,0.52,0.15268456375838857,0.16666666666666669,1.0,9.0,191.0,1.0,19.0
2,39.701492537313435,IBk,Best First,none,none,0.034482758620689655,0.5,0.75,0.046859746176374444,0.06451612903225806,1.0,28.0,172.0,1.0,38.0
2,39.701492537313435,RandomForest,Best First,none,none,0.0,0.0,0.5975,-0.01902565580859054,0.0,0.0,33.0,167.0,2.0,53.0
2,39.701492537313435,NaiveBayes,Best First,none,none,0.0,0.0,0.95625,0.0,0.0,0.0,0.0,200.0,2.0,20.0
2,39.701492537313435,IBk,none,none,Sensitive Threshold,0.0,0.0,0.4575,-0.018037135278514537,0.0,0.0,17.0,183.0,2.0,37.0
2,39.701492537313435,RandomForest,none,none,Sensitive Threshold,0.017857142857142856,0.5,0.64,0.015663069961712493,0.03448275862068965,1.0,55.0,145.0,1.0,65.0
2,39.701492537313435,NaiveBayes,none,none,Sensitive Threshold,0.0625,0.5,0.52,0.09518477043673106,0.1111111111111111,1.0,15.0,185.0,1.0,25.0
2,39.701492537313435,IBk,Best First,none,Sensitive Threshold,0.023809523809523808,0.5,0.75125,0.02706422018348625,0.04545454545454545,1.0,41.0,159.0,1.0,51.0
2,39.701492537313435,RandomForest,Best First,none,Sensitive Threshold,0.017857142857142856,0.5,0.6075,0.015663069961712493,0.03448275862068965,1.0,55.0,145.0,1.0,65.0
2,39.701492537313435,NaiveBayes,Best First,none,Sensitive Threshold,0.009900990099009901,1.0,0.95625,0.0,0.0196078431372549,2.0,200.0,0.0,0.0,200.0
2,39.701492537313435,IBk,none,SMOTE,none,0.0,0.0,0.3925,-0.019286835613366075,0.0,0.0,43.0,157.0,2.0,63.0
2,39.701492537313435,RandomForest,none,SMOTE,none,0.0,0.0,0.51375,-0.01955835962145109,0.0,0.0,62.0,138.0,2.0,82.0
2,39.701492537313435,NaiveBayes,none,SMOTE,none,0.027777777777777776,0.5,0.5125,0.034519383961763066,0.05263157894736842,1.0,35.0,165.0,1.0,45.0
2,39.701492537313435,IBk,Best First,SMOTE,none,0.0,0.0,0.3875,-0.0193782801776342,0.0,0.0,48.0,152.0,2.0,68.0
2,39.701492537313435,RandomForest,Best First,SMOTE,none,0.0,0.0,0.55125,-0.019479369576766603,0.0,0.0,55.0,145.0,2.0,75.0
2,39.701492537313435,NaiveBayes,Best First,SMOTE,none,0.011363636363636364,0.5,0.49,0.0029167601525688343,0.022222222222222223,1.0,87.0,113.0,1.0,97.0
3,66.34615384615384,IBk,none,none,none,0.08333333333333333,0.3333333333333333,0.6356209150326797,0.09181636726546882,0.13333333333333333,1.0,11.0,91.0,2.0,31.0
3,66.34615384615384,RandomForest,none,none,none,1.0,0.3333333333333333,0.6029411764705882,0.4927536231884047,0.5,1.0,0.0,102.0,2.0,20.0
3,66.34615384615384,NaiveBayes,none,none,none,0.0,0.0,0.9117647058823529,-0.029411764705882706,0.0,0.0,3.0,99.0,3.0,33.0
3,66.34615384615384,IBk,Best First,none,none,0.125,0.6666666666666666,0.8006535947712419,0.17061611374407534,0.21052631578947367,2.0,14.0,88.0,1.0,24.0
3,66.34615384615384,RandomForest,Best First,none,none,0.14285714285714285,0.3333333333333333,0.7630718954248366,0.16666666666666707,0.2,1.0,6.0,96.0,2.0,26.0
3,66.34615384615384,NaiveBayes,Best First,none,none,0.0,0.0,0.934640522875817,-0.029411764705882706,0.0,0.0,3.0,99.0,3.0,33.0
3,66.34615384615384,IBk,none,none,Sensitive Threshold,0.08333333333333333,0.3333333333333333,0.6356209150326797,0.09181636726546882,0.13333333333333333,1.0,11.0,91.0,2.0,31.0
3,66.34615384615384,RandomForest,none,none,Sensitive Threshold,0.04,0.3333333333333333,0.4950980392156863,0.02150537634408613,0.07142857142857142,1.0,24.0,78.0,2.0,44.0
3,66.34615384615384,NaiveBayes,none,none,Sensitive Threshold,0.25,0.6666666666666666,0.9117647058823529,0.3360433604336044,0.36363636363636365,2.0,6.0,96.0,1.0,16.0
3,66.34615384615384,IBk,Best First,none,Sensitive Threshold,0.125,0.6666666666666666,0.8006535947712419,0.17061611374407534,0.21052631578947367,2.0,14.0,88.0,1.0,24.0
3,66.34615384615384,RandomForest,Best First,none,Sensitive Threshold,0.043478260869565216,0.3333333333333333,0.6013071895424836,0.027777777777778106,0.07692307692307691,1.0,22.0,80.0,2.0,42.0
3,66.34615384615384,NaiveBayes,Best First,none,Sensitive Threshold,0.04225352112676056,1.0,0.934640522875817,0.027777777777777804,0.08108108108108109,3.0,68.0,34.0,0.0,68.0
3,66.34615384615384,IBk,none,SMOTE,none,0.07692307692307693,0.3333333333333333,0.630718954248366,0.08239700374531835,0.125,1.0,12.0,90.0,2.0,32.0
3,66.34615384615384,RandomForest,none,SMOTE,none,0.2,0.3333333333333333,0.42483660130718953,0.22222222222222188,0.25,1.0,4.0,98.0,2.0,24.0
3,66.34615384615384,NaiveBayes,none,SMOTE,none,0.3333333333333333,0.3333333333333333,0.8856209150326797,0.31372549019607887,0.3333333333333333,1.0,2.0,100.0,2.0,22.0
3,66.34615384615384,IBk,Best First,SMOTE,none,0.05555555555555555,0.3333333333333333,0.6062091503267973,0.04864091559370492,0.09523809523809525,1.0,17.0,85.0,2.0,37.0
3,66.34615384615384,RandomForest,Best First,SMOTE,none,0.16666666666666666,0.3333333333333333,0.5032679738562091,0.1914191419141915,0.2222222222222222,1.0,5.0,97.0,2.0,25.0
3,66.34615384615384,NaiveBayes,Best First,SMOTE,none,0.25,0.6666666666666666,0.9379084967320261,0.3360433604336044,0.36363636363636365,2.0,6.0,96.0,1.0,16.0
4,79.57198443579766,IBk,none,none,none,0.0,0.0,0.5518053375196232,-0.0629921259842519,0.0,0.0,4.0,87.0,14.0,144.0
4,79.57198443579766,RandomForest,none,none,none,0.0,0.0,0.5800627943485086,0.0,0.0,0.0,0.0,91.0,14.0,140.0
4,79.57198443579766,NaiveBayes,none,none,none,0.0,0.0,0.7386185243328101,-0.04938271604938284,0.0,0.0,3.0,88.0,14.0,143.0
4,79.57198443579766,IBk,Best First,none,none,0.25,0.14285714285714285,0.7095761381475667,0.0939597315436242,0.18181818181818182,2.0,6.0,85.0,12.0,126.0
4,79.57198443579766,RandomForest,Best First,none,none,0.2857142857142857,0.14285714285714285,0.6134222919937206,0.11149825783972113,0.19047619047619047,2.0,5.0,86.0,12.0,125.0
4,79.57198443579766,NaiveBayes,Best First,none,none,0.0,0.0,0.7421507064364207,-0.034482758620689995,0.0,0.0,2.0,89.0,14.0,142.0
4,79.57198443579766,IBk,none,none,Sensitive Threshold,0.125,0.07142857142857142,0.5518053375196232,-0.006711409395973367,0.09090909090909091,1.0,7.0,84.0,13.0,137.0
4,79.57198443579766,RandomForest,none,none,Sensitive Threshold,0.3333333333333333,0.14285714285714285,0.5894819466248038,0.13043478260869534,0.2,2.0,4.0,87.0,12.0,124.0
4,79.57198443579766,NaiveBayes,none,none,Sensitive Threshold,0.25,0.14285714285714285,0.7386185243328101,0.0939597315436242,0.18181818181818182,2.0,6.0,85.0,12.0,126.0
4,79.57198443579766,IBk,Best First,none,Sensitive Threshold,0.1875,0.21428571428571427,0.7095761381475667,0.06735751295336817,0.19999999999999998,3.0,13.0,78.0,11.0,123.0
4,79.57198443579766,RandomForest,Best First,none,Sensitive Threshold,0.25,0.35714285714285715,0.576138147566719,0.1627906976744188,0.2941176470588235,5.0,15.0,76.0,9.0,105.0
4,79.57198443579766,NaiveBayes,Best First,none,Sensitive Threshold,0.2702702702702703,0.7142857142857143,0.7421507064364207,0.24635332252836314,0.39215686274509803,10.0,27.0,64.0,4.0,67.0
4,79.57198443579766,IBk,none,SMOTE,none,0.125,0.07142857142857142,0.5596546310832025,-0.006711409395973367,0.09090909090909091,1.0,7.0,84.0,13.0,137.0
4,79.57198443579766,RandomForest,none,SMOTE,none,0.0,0.0,0.5125588697017268,-0.01809954751131279,0.0,0.0,1.0,90.0,14.0,141.0
4,79.57198443579766,NaiveBayes,none,SMOTE,none,0.5,0.07142857142857142,0.750392464678179,0.09482758620689653,0.125,1.0,1.0,90.0,13.0,131.0
4,79.57198443579766,IBk,Best First,SMOTE,none,0.0,0.0,0.5525902668759811,-0.0629921259842519,0.0,0.0,4.0,87.0,14.0,144.0
4,79.57198443579766,RandomForest,Best First,SMOTE,none,0.0,0.0,0.5,-0.0629921259842519,0.0,0.0,4.0,87.0,14.0,144.0
4,79.57198443579766,NaiveBayes,Best First,SMOTE,none,1.0,0.07142857142857142,0.7480376766091051,0.11764705882352917,0.13333333333333333,1.0,0.0,91.0,13.0,130.0
5,63.378545006165226,IBk,none,none,none,0.2222222222222222,0.11764705882352941,0.6686974789915966,0.11893203883495183,0.15384615384615383,2.0,7.0,273.0,15.0,157.0
5,63.378545006165226,RandomForest,none,none,none,0.5,0.058823529411764705,0.6716386554621848,0.09434977578475452,0.10526315789473684,1.0,1.0,279.0,16.0,161.0
5,63.378545006165226,NaiveBayes,none,none,none,0.06451612903225806,0.11764705882352941,0.4928571428571429,0.010149977276170277,0.08333333333333333,2.0,29.0,251.0,15.0,179.0
5,63.378545006165226,IBk,Best First,none,none,0.1111111111111111,0.058823529411764705,0.5800420168067227,0.038834951456311446,0.07692307692307691,1.0,8.0,272.0,16.0,168.0
5,63.378545006165226,RandomForest,Best First,none,none,0.14285714285714285,0.058823529411764705,0.5152310924369747,0.051669085631349275,0.08333333333333333,1.0,6.0,274.0,16.0,166.0
5,63.378545006165226,NaiveBayes,Best First,none,none,0.0,0.0,0.27016806722689074,-0.017471736896197396,0.0,0.0,3.0,277.0,17.0,173.0
5,63.378545006165226,IBk,none,none,Sensitive Threshold,0.15384615384615385,0.11764705882352941,0.6686974789915966,0.08809636277751452,0.13333333333333333,2.0,11.0,269.0,15.0,161.0
5,63.378545006165226,RandomForest,none,none,Sensitive Threshold,0.14285714285714285,0.11764705882352941,0.5832983193277311,0.08154850532584962,0.12903225806451615,2.0,12.0,268.0,15.0,162.0
5,63.378545006165226,NaiveBayes,none,none,Sensitive Threshold,0.07894736842105263,0.17647058823529413,0.4928571428571429,0.03257328990227989,0.10909090909090909,3.0,35.0,245.0,14.0,175.0
5,63.378545006165226,IBk,Best First,none,Sensitive Threshold,0.11764705882352941,0.11764705882352941,0.5800420168067227,0.06407563025210104,0.11764705882352941,2.0,15.0,265.0,15.0,165.0
5,63.378545006165226,RandomForest,Best First,none,Sensitive Threshold,0.09523809523809523,0.11764705882352941,0.5389705882352941,0.04483541430192974,0.10526315789473684,2.0,19.0,261.0,15.0,169.0
5,63.378545006165226,NaiveBayes,Best First,none,Sensitive Threshold,0.0,0.0,0.27016806722689074,-0.05451838277402385,0.0,0.0,14.0,266.0,17.0,184.0
5,63.378545006165226,IBk,none,SMOTE,none,0.2,0.11764705882352941,0.667016806722689,0.11043104570907707,0.14814814814814817,2.0,8.0,272.0,15.0,158.0
5,63.378545006165226,RandomForest,none,SMOTE,none,0.4444444444444444,0.23529411764705882,0.6294117647058823,0.27912621359223394,0.30769230769230765,4.0,5.0,275.0,13.0,135.0
5,63.378545006165226,NaiveBayes,none,SMOTE,none,0.03636363636363636,0.11764705882352941,0.45546218487394957,-0.034949267192784336,0.055555555555555566,2.0,53.0,227.0,15.0,203.0
5,63.378545006165226,IBk,Best First,SMOTE,none,0.15384615384615385,0.11764705882352941,0.6929621848739496,0.08809636277751452,0.13333333333333333,2.0,11.0,269.0,15.0,161.0
5,63.378545006165226,RandomForest,Best First,SMOTE,none,0.1111111111111111,0.058823529411764705,0.6151260504201681,0.038834951456311446,0.07692307692307691,1.0,8.0,272.0,16.0,168.0
5,63.378545006165226,NaiveBayes,Best First,SMOTE,none,0.031746031746031744,0.23529411764705882,0.44432773109243695,-0.049964647654961086,0.055944055944055944,4.0,122.0,158.0,13.0,252.0
6,79.35897435897436,IBk,none,none,none,0.375,0.75,0.9124203821656051,0.48286937901498966,0.5,3.0,5.0,152.0,1.0,15.0
6,79.35897435897436,RandomForest,none,none,none,0.5,0.25,0.9187898089171974,0.3221052631578945,0.3333333333333333,1.0,1.0,156.0,3.0,31.0
6,79.35897435897436,NaiveBayes,none,none,none,0.2727272727272727,0.75,0.7292993630573248,0.3773098409969918,0.39999999999999997,3.0,8.0,149.0,1.0,18.0
6,79.35897435897436,IBk,Best First,none,none,0.0625,0.25,0.696656050955414,0.06274256144890052,0.1,1.0,15.0,142.0,3.0,45.0
6,79.35897435897436,RandomForest,Best First,none,none,0.3333333333333333,0.25,0.8941082802547771,0.27017225747960144,0.28571428571428575,1.0,2.0,155.0,3.0,32.0
6,79.35897435897436,NaiveBayes,Best First,none,none,0.5,0.5,0.7468152866242038,0.48726114649681385,0.5,2.0,2.0,155.0,2.0,22.0
6,79.35897435897436,IBk,none,none,Sensitive Threshold,0.3333333333333333,0.75,0.9124203821656051,0.44235526966848115,0.46153846153846156,3.0,6.0,151.0,1.0,16.0
6,79.35897435897436,RandomForest,none,none,Sensitive Threshold,0.125,0.5,0.9060509554140127,0.16688227684346732,0.2,2.0,14.0,143.0,2.0,34.0
6,79.35897435897436,NaiveBayes,none,none,Sensitive Threshold,0.16666666666666666,0.75,0.7292993630573248,0.24190700412007096,0.27272727272727276,3.0,15.0,142.0,1.0,25.0
6,79.35897435897436,IBk,Best First,none,Sensitive Threshold,0.05263157894736842,0.25,0.696656050955414,0.04787383835539279,0.08695652173913043,1.0,18.0,139.0,3.0,48.0
6,79.35897435897436,RandomForest,Best First,none,Sensitive Threshold,0.1,0.5,0.8073248407643312,0.13066954643628514,0.16666666666666669,2.0,18.0,139.0,2.0,38.0
6,79.35897435897436,NaiveBayes,Best First,none,Sensitive Threshold,0.17647058823529413,0.75,0.7468152866242038,0.25577812018490026,0.2857142857142857,3.0,14.0,143.0,1.0,24.0
6,79.35897435897436,IBk,none,SMOTE,none,0.15,0.75,0.8734076433121019,0.21760259179265679,0.24999999999999997,3.0,17.0,140.0,1.0,27.0
6,79.35897435897436,RandomForest,none,SMOTE,none,0.09090909090909091,0.5,0.8869426751592356,0.11670822942643386,0.15384615384615385,2.0,20.0,137.0,2.0,40.0
6,79.35897435897436,NaiveBayes,none,SMOTE,none,0.13636363636363635,0.75,0.7436305732484076,0.19700748129675819,0.23076923076923075,3.0,19.0,138.0,1.0,29.0
6,79.35897435897436,IBk,Best First,SMOTE,none,0.1,0.5,0.7945859872611465,0.13066954643628514,0.16666666666666669,2.0,18.0,139.0,2.0,38.0
6,79.35897435897436,RandomForest,Best First,SMOTE,none,0.09090909090909091,0.5,0.8734076433121019,0.11670822942643386,0.15384615384615385,2.0,20.0,137.0,2.0,40.0
6,79.35897435897436,NaiveBayes,Best First,SMOTE,none,0.06976744186046512,0.75,0.7452229299363057,0.0861138031288937,0.1276595744680851,3.0,40.0,117.0,1.0,50.0
7,84.81481481481481,IBk,none,none,none,0.2,0.375,0.8088942307692307,0.2106455266138166,0.26086956521739135,3.0,12.0,144.0,5.0,62.0
7,84.81481481481481,RandomForest,none,none,none,0.3333333333333333,0.25,0.7916666666666666,0.25454545454545385,0.28571428571428575,2.0,4.0,152.0,6.0,64.0
7,84.81481481481481,NaiveBayes,none,none,none,0.3333333333333333,0.25,0.8705929487179487,0.25454545454545385,0.28571428571428575,2.0,4.0,152.0,6.0,64.0
7,84.81481481481481,IBk,Best First,none,none,0.25,0.25,0.7916666666666666,0.2115384615384619,0.25,2.0,6.0,150.0,6.0,66.0
7,84.81481481481481,RandomForest,Best First,none,none,1.0,0.25,0.8044871794871795,0.38805970149253705,0.4,2.0,0.0,156.0,6.0,60.0
7,84.81481481481481,NaiveBayes,Best First,none,none,0.375,0.375,0.8721955128205128,0.3429487179487173,0.375,3.0,5.0,151.0,5.0,55.0
7,84.81481481481481,IBk,none,none,Sensitive Threshold,0.15,0.375,0.8088942307692307,0.15543071161048688,0.21428571428571425,3.0,17.0,139.0,5.0,67.0
7,84.81481481481481,RandomForest,none,none,Sensitive Threshold,0.2,0.375,0.7780448717948718,0.2106455266138166,0.26086956521739135,3.0,12.0,144.0,5.0,62.0
7,84.81481481481481,NaiveBayes,none,none,Sensitive Threshold,0.2727272727272727,0.375,0.8705929487179487,0.2748299319727896,0.3157894736842105,3.0,8.0,148.0,5.0,58.0
7,84.81481481481481,IBk,Best First,none,Sensitive Threshold,0.1875,0.375,0.7916666666666666,0.19782608695652207,0.25,3.0,13.0,143.0,5.0,63.0
7,84.81481481481481,RandomForest,Best First,none,Sensitive Threshold,0.11764705882352941,0.25,0.8249198717948718,0.10031347962382427,0.15999999999999998,2.0,15.0,141.0,6.0,75.0
7,84.81481481481481,NaiveBayes,Best First,none,Sensitive Threshold,0.23529411764705882,0.5,0.8721955128205128,0.2716823406478579,0.31999999999999995,4.0,13.0,143.0,4.0,53.0
7,84.81481481481481,IBk,none,SMOTE,none,0.16666666666666666,0.625,0.8125,0.20166898470097355,0.2631578947368421,5.0,25.0,131.0,3.0,55.0
7,84.81481481481481,RandomForest,none,SMOTE,none,0.16666666666666666,0.5,0.8249198717948718,0.19078947368421034,0.25,4.0,20.0,136.0,4.0,60.0
7,84.81481481481481,NaiveBayes,none,SMOTE,none,0.15789473684210525,0.375,0.8774038461538461,0.16488845780795322,0.22222222222222218,3.0,16.0,140.0,5.0,66.0
7,84.81481481481481,IBk,Best First,SMOTE,none,0.1724137931034483,0.625,0.8129006410256411,0.209850107066381,0.2702702702702703,5.0,24.0,132.0,3.0,54.0
7,84.81481481481481,RandomForest,Best First,SMOTE,none,0.17647058823529413,0.375,0.8337339743589743,0.18599791013584108,0.24,3.0,14.0,142.0,5.0,64.0
7,84.81481481481481,NaiveBayes,Best First,SMOTE,none,0.2727272727272727,0.375,0.8685897435897436,0.2748299319727896,0.3157894736842105,3.0,8.0,148.0,5.0,58.0
8,75.05226480836237,IBk,none,none,none,0.0,0.0,0.6211856171039845,-0.04373177842565564,0.0,0.0,15.0,328.0,15.0,165.0
8,75.05226480836237,RandomForest,none,none,none,0.0,0.0,0.6222546161321671,-0.03002251688766526,0.0,0.0,8.0,335.0,15.0,158.0
8,75.05226480836237,NaiveBayes,none,none,none,0.12121212121212122,0.26666666666666666,0.7007774538386783,0.11572187229838223,0.16666666666666666,4.0,29.0,314.0,11.0,139.0
8,75.05226480836237,IBk,Best First,none,none,0.21052631578947367,0.26666666666666666,0.6965014577259475,0.19772453025340478,0.23529411764705882,4.0,15.0,328.0,11.0,125.0
8,75.05226480836237,RandomForest,Best First,none,none,0.16666666666666666,0.06666666666666667,0.7134110787172012,0.07304442627418938,0.09523809523809522,1.0,5.0,338.0,14.0,145.0
8,75.05226480836237,NaiveBayes,Best First,none,none,0.11764705882352941,0.13333333333333333,0.7482021379980563,0.08423168280650428,0.125,2.0,15.0,328.0,13.0,145.0
8,75.05226480836237,IBk,none,none,Sensitive Threshold,0.0,0.0,0.6211856171039845,-0.04520625353173782,0.0,0.0,16.0,327.0,15.0,166.0
8,75.05226480836237,RandomForest,none,none,Sensitive Threshold,0.0,0.0,0.5917395529640428,-0.05029337803855744,0.0,0.0,20.0,323.0,15.0,170.0
8,75.05226480836237,NaiveBayes,none,none,Sensitive Threshold,0.11904761904761904,0.3333333333333333,0.7007774538386783,0.12117413558967943,0.1754385964912281,5.0,37.0,306.0,10.0,137.0
8,75.05226480836237,IBk,Best First,none,Sensitive Threshold,0.1724137931034483,0.3333333333333333,0.6965014577259475,0.1820991802177131,0.22727272727272724,5.0,24.0,319.0,10.0,124.0
8,75.05226480836237,RandomForest,Best First,none,Sensitive Threshold,0.13793103448275862,0.26666666666666666,0.6633624878522838,0.13398736728934282,0.18181818181818182,4.0,25.0,318.0,11.0,135.0
8,75.05226480836237,NaiveBayes,Best First,none,Sensitive Threshold,0.15789473684210525,0.4,0.7482021379980563,0.17696534708982803,0.22641509433962267,6.0,32.0,311.0,9.0,122.0
8,75.05226480836237,IBk,none,SMOTE,none,0.0,0.0,0.5836734693877551,-0.06392284400583177,0.0,0.0,38.0,305.0,15.0,188.0
8,75.05226480836237,RandomForest,none,SMOTE,none,0.0,0.0,0.5234207968901846,-0.0591715976331366,0.0,0.0,30.0,313.0,15.0,180.0
8,75.05226480836237,NaiveBayes,none,SMOTE,none,0.06521739130434782,0.2,0.5145772594752187,0.0375403265226313,0.09836065573770492,3.0,43.0,300.0,12.0,163.0
8,75.05226480836237,IBk,Best First,SMOTE,none,0.06382978723404255,0.2,0.6559766763848397,0.03550466660252136,0.0967741935483871,3.0,44.0,299.0,12.0,164.0
8,75.05226480836237,RandomForest,Best First,SMOTE,none,0.0,0.0,0.6298347910592809,-0.05771609179606991,0.0,0.0,28.0,315.0,15.0,178.0
8,75.05226480836237,NaiveBayes,Best First,SMOTE,none,0.12195121951219512,0.3333333333333333,0.726044703595724,0.12488043362737791,0.17857142857142858,5.0,36.0,307.0,10.0,136.0
9,87.33286418015481,IBk,none,none,none,0.25,0.11764705882352941,0.6057380007217611,0.10596026490066217,0.15999999999999998,2.0,6.0,157.0,15.0,156.0
9,87.33286418015481,RandomForest,none,none,none,0.3333333333333333,0.058823529411764705,0.7163478888487911,0.07375643224699818,0.1,1.0,2.0,161.0,16.0,162.0
9,87.33286418015481,NaiveBayes,none,none,none,0.375,0.17647058823529413,0.6485023457235655,0.19110690633869487,0.24,3.0,5.0,158.0,14.0,145.0
9,87.33286418015481,IBk,Best First,none,none,0.4,0.23529411764705882,0.6578852399855648,0.24336283185840737,0.29629629629629634,4.0,6.0,157.0,13.0,136.0
9,87.33286418015481,RandomForest,Best First,none,none,0.4,0.11764705882352941,0.686394803320101,0.1451187335092354,0.1818181818181818,2.0,3.0,160.0,15.0,153.0
9,87.33286418015481,NaiveBayes,Best First,none,none,0.25,0.11764705882352941,0.6901840490797546,0.10596026490066217,0.15999999999999998,2.0,6.0,157.0,15.0,156.0
9,87.33286418015481,IBk,none,none,Sensitive Threshold,0.3,0.17647058823529413,0.6057380007217611,0.16371681415929182,0.22222222222222224,3.0,7.0,156.0,14.0,147.0
9,87.33286418015481,RandomForest,none,none,Sensitive Threshold,0.23076923076923078,0.17647058823529413,0.6986647419704078,0.12868091972569584,0.20000000000000004,3.0,10.0,153.0,14.0,150.0
9,87.33286418015481,NaiveBayes,none,none,Sensitive Threshold,0.23076923076923078,0.17647058823529413,0.6485023457235655,0.12868091972569584,0.20000000000000004,3.0,10.0,153.0,14.0,150.0
9,87.33286418015481,IBk,Best First,none,Sensitive Threshold,0.35714285714285715,0.29411764705882354,0.6578852399855648,0.25940438871473315,0.3225806451612903,5.0,9.0,154.0,12.0,129.0
9,87.33286418015481,RandomForest,Best First,none,Sensitive Threshold,0.1875,0.17647058823529413,0.6946950559364851,0.09933283914010388,0.1818181818181818,3.0,13.0,150.0,14.0,153.0
9,87.33286418015481,NaiveBayes,Best First,none,Sensitive Threshold,0.25,0.23529411764705882,0.6901840490797546,0.16604892512972624,0.24242424242424243,4.0,12.0,151.0,13.0,142.0
9,87.33286418015481,IBk,none,SMOTE,none,0.25,0.4117647058823529,0.6499458679177192,0.21936205931729139,0.3111111111111111,7.0,21.0,142.0,10.0,121.0
9,87.33286418015481,RandomForest,none,SMOTE,none,0.20689655172413793,0.35294117647058826,0.6800793937206785,0.1609542089388539,0.2608695652173913,6.0,23.0,140.0,11.0,133.0
9,87.33286418015481,NaiveBayes,none,SMOTE,none,0.23529411764705882,0.23529411764705882,0.6519307109346806,0.15553951642006486,0.23529411764705882,4.0,13.0,150.0,13.0,143.0
9,87.33286418015481,IBk,Best First,SMOTE,none,0.22580645161290322,0.4117647058823529,0.6439913388668351,0.19325072501977325,0.29166666666666663,7.0,24.0,139.0,10.0,124.0
9,87.33286418015481,RandomForest,Best First,SMOTE,none,0.18518518518518517,0.29411764705882354,0.7022735474557922,0.1259640102827765,0.22727272727272727,5.0,22.0,141.0,12.0,142.0
9,87.33286418015481,NaiveBayes,Best First,SMOTE,none,0.2857142857142857,0.23529411764705882,0.6515698303861421,0.1888714733542318,0.2580645161290323,4.0,10.0,153.0,13.0,140.0
10,89.73063973063974,IBk,none,none,none,0.3333333333333333,0.16666666666666666,0.7005360623781677,0.18666666666666737,0.2222222222222222,2.0,4.0,167.0,10.0,104.0
10,89.73063973063974,RandomForest,none,none,none,0.0,0.0,0.7495126705653021,0.0,0.0,0.0,0.0,171.0,12.0,120.0
10,89.73063973063974,NaiveBayes,none,none,none,0.5,0.5,0.7899610136452242,0.4649122807017548,0.5,6.0,6.0,165.0,6.0,66.0
10,89.73063973063974,IBk,Best First,none,none,0.3333333333333333,0.16666666666666666,0.7960526315789473,0.18666666666666737,0.2222222222222222,2.0,4.0,167.0,10.0,104.0
10,89.73063973063974,RandomForest,Best First,none,none,0.5,0.08333333333333333,0.8157894736842105,0.12649164677804337,0.14285714285714285,1.0,1.0,170.0,11.0,111.0
10,89.73063973063974,NaiveBayes,Best First,none,none,0.3333333333333333,0.25,0.7485380116959064,0.24317617866004967,0.28571428571428575,3.0,6.0,165.0,9.0,96.0
10,89.73063973063974,IBk,none,none,Sensitive Threshold,0.375,0.25,0.7005360623781677,0.26124567474048443,0.3,3.0,5.0,166.0,9.0,95.0
10,89.73063973063974,RandomForest,none,none,Sensitive Threshold,0.3,0.25,0.7846003898635477,0.22662440570522988,0.2727272727272727,3.0,7.0,164.0,9.0,97.0
10,89.73063973063974,NaiveBayes,none,none,Sensitive Threshold,0.375,0.5,0.7899610136452242,0.3822784810126582,0.42857142857142855,6.0,10.0,161.0,6.0,70.0
10,89.73063973063974,IBk,Best First,none,Sensitive Threshold,0.3333333333333333,0.3333333333333333,0.7960526315789473,0.28654970760233944,0.3333333333333333,4.0,8.0,163.0,8.0,88.0
10,89.73063973063974,RandomForest,Best First,none,Sensitive Threshold,0.3,0.25,0.8179824561403509,0.22662440570522988,0.2727272727272727,3.0,7.0,164.0,9.0,97.0
10,89.73063973063974,NaiveBayes,Best First,none,Sensitive Threshold,0.2631578947368421,0.4166666666666667,0.7485380116959064,0.2633697527314548,0.3225806451612903,5.0,14.0,157.0,7.0,84.0
10,89.73063973063974,IBk,none,SMOTE,none,0.2,0.5,0.7280701754385965,0.21188630490956073,0.28571428571428575,6.0,24.0,147.0,6.0,84.0
10,89.73063973063974,RandomForest,none,SMOTE,none,0.2,0.4166666666666667,0.8140838206627681,0.1993193971803594,0.2702702702702703,5.0,20.0,151.0,7.0,90.0
10,89.73063973063974,NaiveBayes,none,SMOTE,none,0.3333333333333333,0.5833333333333334,0.8192007797270955,0.37181571815718173,0.4242424242424242,7.0,14.0,157.0,5.0,64.0
10,89.73063973063974,IBk,Best First,SMOTE,none,0.1111111111111111,0.25,0.6810428849902534,0.06934812760055498,0.15384615384615383,3.0,24.0,147.0,9.0,114.0
10,89.73063973063974,RandomForest,Best First,SMOTE,none,0.13636363636363635,0.25,0.7607212475633528,0.10010537407797683,0.1764705882352941,3.0,19.0,152.0,9.0,109.0
10,89.73063973063974,NaiveBayes,Best First,SMOTE,none,0.3181818181818182,0.5833333333333334,0.8255360623781677,0.35721812434141176,0.4117647058823529,7.0,15.0,156.0,5.0,65.0
11,90.39634146341463,IBk,none,none,none,0.5,0.15789473684210525,0.7617647058823529,0.20146764509673093,0.23999999999999996,3.0,3.0,167.0,16.0,163.0
11,90.39634146341463,RandomForest,none,none,none,0.6666666666666666,0.10526315789473684,0.6931888544891641,0.158753709198813,0.18181818181818182,2.0,1.0,169.0,17.0,171.0
11,90.39634146341463,NaiveBayes,none,none,none,0.4,0.10526315789473684,0.7507739938080495,0.13023469857340123,0.16666666666666666,2.0,3.0,167.0,17.0,173.0
11,90.39634146341463,IBk,Best First,none,none,0.4,0.10526315789473684,0.7383900928792569,0.13023469857340123,0.16666666666666666,2.0,3.0,167.0,17.0,173.0
11,90.39634146341463,RandomForest,Best First,none,none,0.6666666666666666,0.10526315789473684,0.7298761609907121,0.158753709198813,0.18181818181818182,2.0,1.0,169.0,17.0,171.0
11,90.39634146341463,NaiveBayes,Best First,none,none,0.42857142857142855,0.15789473684210525,0.7622291021671826,0.1867469879518073,0.23076923076923078,3.0,4.0,166.0,16.0,164.0
11,90.39634146341463,IBk,none,none,Sensitive Threshold,0.45454545454545453,0.2631578947368421,0.7617647058823529,0.28027418126428044,0.3333333333333333,5.0,6.0,164.0,14.0,146.0
11,90.39634146341463,RandomForest,none,none,Sensitive Threshold,0.4166666666666667,0.2631578947368421,0.6770897832817337,0.26540810660744,0.3225806451612903,5.0,7.0,163.0,14.0,147.0
11,90.39634146341463,NaiveBayes,none,none,Sensitive Threshold,0.375,0.15789473684210525,0.7507739938080495,0.17295269847884928,0.22222222222222218,3.0,5.0,165.0,16.0,165.0
11,90.39634146341463,IBk,Best First,none,Sensitive Threshold,0.3333333333333333,0.21052631578947367,0.7385448916408669,0.19544697390338672,0.2580645161290323,4.0,8.0,162.0,15.0,158.0
11,90.39634146341463,RandomForest,Best First,none,Sensitive Threshold,0.3333333333333333,0.15789473684210525,0.7122291021671827,0.1599999999999998,0.21428571428571427,3.0,6.0,164.0,16.0,166.0
11,90.39634146341463,NaiveBayes,Best First,none,Sensitive Threshold,0.4,0.3157894736842105,0.7622291021671826,0.28995901639344285,0.35294117647058826,6.0,9.0,161.0,13.0,139.0
11,90.39634146341463,IBk,none,SMOTE,none,0.4,0.3157894736842105,0.7681114551083591,0.28995901639344285,0.35294117647058826,6.0,9.0,161.0,13.0,139.0
11,90.39634146341463,RandomForest,none,SMOTE,none,0.375,0.15789473684210525,0.6882352941176471,0.17295269847884928,0.22222222222222218,3.0,5.0,165.0,16.0,165.0
11,90.39634146341463,NaiveBayes,none,SMOTE,none,0.4444444444444444,0.21052631578947367,0.7543343653250774,0.2363636363636362,0.2857142857142857,4.0,5.0,165.0,15.0,155.0
11,90.39634146341463,IBk,Best First,SMOTE,none,0.35714285714285715,0.2631578947368421,0.7487616099071207,0.23803680981595043,0.30303030303030304,5.0,9.0,161.0,14.0,149.0
11,90.39634146341463,RandomForest,Best First,SMOTE,none,0.5,0.21052631578947367,0.7486068111455109,0.2517191081475303,0.2962962962962963,4.0,4.0,166.0,15.0,154.0
11,90.39634146341463,NaiveBayes,Best First,SMOTE,none,0.4,0.3157894736842105,0.759907120743034,0.28995901639344285,0.35294117647058826,6.0,9.0,161.0,13.0,139.0
12,91.2133891213389,IBk,none,none,none,0.2,0.04,0.7425609756097561,0.023616236162361613,0.06666666666666667,1.0,4.0,160.0,24.0,244.0
12,91.2133891213389,RandomForest,none,none,none,0.3333333333333333,0.04,0.6647560975609756,0.044340723453909124,0.07142857142857142,1.0,2.0,162.0,24.0,242.0
12,91.2133891213389,NaiveBayes,none,none,none,0.75,0.12,0.7826829268292683,0.1768604430978978,0.20689655172413793,3.0,1.0,163.0,22.0,221.0
12,91.2133891213389,IBk,Best First,none,none,0.2,0.04,0.7425609756097561,0.023616236162361613,0.06666666666666667,1.0,4.0,160.0,24.0,244.0
12,91.2133891213389,RandomForest,Best First,none,none,0.3333333333333333,0.04,0.704390243902439,0.044340723453909124,0.07142857142857142,1.0,2.0,162.0,24.0,242.0
12,91.2133891213389,NaiveBayes,Best First,none,none,0.5714285714285714,0.16,0.7821951219512195,0.2039312039312038,0.25,4.0,3.0,161.0,21.0,213.0
12,91.2133891213389,IBk,none,none,Sensitive Threshold,0.3,0.12,0.7425609756097561,0.10367947669664754,0.17142857142857143,3.0,7.0,157.0,22.0,227.0
12,91.2133891213389,RandomForest,none,none,Sensitive Threshold,0.375,0.12,0.670609756097561,0.12574952886756843,0.18181818181818182,3.0,5.0,159.0,22.0,225.0
12,91.2133891213389,NaiveBayes,none,none,Sensitive Threshold,0.7142857142857143,0.2,0.7826829268292683,0.2702702702702702,0.3125,5.0,2.0,162.0,20.0,202.0
12,91.2133891213389,IBk,Best First,none,Sensitive Threshold,0.3,0.12,0.7425609756097561,0.10367947669664754,0.17142857142857143,3.0,7.0,157.0,22.0,227.0
12,91.2133891213389,RandomForest,Best First,none,Sensitive Threshold,0.2,0.04,0.7071951219512195,0.023616236162361613,0.06666666666666667,1.0,4.0,160.0,24.0,244.0
12,91.2133891213389,NaiveBayes,Best First,none,Sensitive Threshold,0.5,0.28,0.7821951219512195,0.2917103882476388,0.358974358974359,7.0,7.0,157.0,18.0,187.0
12,91.2133891213389,IBk,none,SMOTE,none,0.45454545454545453,0.2,0.7507317073170732,0.21426287176207245,0.2777777777777778,5.0,6.0,158.0,20.0,206.0
12,91.2133891213389,RandomForest,none,SMOTE,none,0.2857142857142857,0.08,0.7168292682926829,0.0712530712530711,0.125,2.0,5.0,159.0,23.0,235.0
12,91.2133891213389,NaiveBayes,none,SMOTE,none,0.5555555555555556,0.2,0.7820731707317073,0.24096385542168702,0.29411764705882354,5.0,4.0,160.0,20.0,204.0
12,91.2133891213389,IBk,Best First,SMOTE,none,0.45454545454545453,0.2,0.7507317073170732,0.21426287176207245,0.2777777777777778,5.0,6.0,158.0,20.0,206.0
12,91.2133891213389,RandomForest,Best First,SMOTE,none,0.4444444444444444,0.16,0.7374390243902439,0.1777108433734943,0.23529411764705882,4.0,5.0,159.0,21.0,215.0
12,91.2133891213389,NaiveBayes,Best First,SMOTE,none,0.5,0.28,0.781829268292683,0.2917103882476388,0.358974358974359,7.0,7.0,157.0,18.0,187.0
13,91.45408163265306,IBk,none,none,none,0.4444444444444444,0.18181818181818182,0.8161503301168106,0.20771208226221083,0.2580645161290322,4.0,5.0,174.0,18.0,185.0
13,91.45408163265306,RandomForest,none,none,none,0.0,0.0,0.760538344337227,-0.00960908495304709,0.0,0.0,1.0,178.0,22.0,221.0
13,91.45408163265306,NaiveBayes,none,none,none,0.375,0.13636363636363635,0.7619349923819198,0.1504050722085242,0.19999999999999998,3.0,5.0,174.0,19.0,195.0
13,91.45408163265306,IBk,Best First,none,none,0.4444444444444444,0.18181818181818182,0.8207211782630777,0.20771208226221083,0.2580645161290322,4.0,5.0,174.0,18.0,185.0
13,91.45408163265306,RandomForest,Best First,none,none,0.0,0.0,0.7412392077196547,-0.00960908495304709,0.0,0.0,1.0,178.0,22.0,221.0
13,91.45408163265306,NaiveBayes,Best First,none,none,0.375,0.13636363636363635,0.7855510411376333,0.1504050722085242,0.19999999999999998,3.0,5.0,174.0,19.0,195.0
13,91.45408163265306,IBk,none,none,Sensitive Threshold,0.4,0.18181818181818182,0.8161503301168106,0.19492656875834416,0.25000000000000006,4.0,6.0,173.0,18.0,186.0
13,91.45408163265306,RandomForest,none,none,Sensitive Threshold,0.46153846153846156,0.2727272727272727,0.797486033519553,0.28469750889679707,0.3428571428571428,6.0,7.0,172.0,16.0,167.0
13,91.45408163265306,NaiveBayes,none,none,Sensitive Threshold,0.3333333333333333,0.13636363636363635,0.7619349923819198,0.13881748071979472,0.1935483870967742,3.0,6.0,173.0,19.0,196.0
13,91.45408163265306,IBk,Best First,none,Sensitive Threshold,0.4,0.18181818181818182,0.8207211782630777,0.19492656875834416,0.25000000000000006,4.0,6.0,173.0,18.0,186.0
13,91.45408163265306,RandomForest,Best First,none,Sensitive Threshold,0.3333333333333333,0.13636363636363635,0.7632046724225495,0.13881748071979472,0.1935483870967742,3.0,6.0,173.0,19.0,196.0
13,91.45408163265306,NaiveBayes,Best First,none,Sensitive Threshold,0.42857142857142855,0.2727272727272727,0.7855510411376333,0.2712990936555888,0.33333333333333326,6.0,8.0,171.0,16.0,168.0
13,91.45408163265306,IBk,none,SMOTE,none,0.3333333333333333,0.22727272727272727,0.8127221940071102,0.19920318725099553,0.27027027027027023,5.0,10.0,169.0,17.0,180.0
13,91.45408163265306,RandomForest,none,SMOTE,none,0.5,0.3181818181818182,0.8316404266124936,0.3320241691842901,0.3888888888888889,7.0,7.0,172.0,15.0,157.0
13,91.45408163265306,NaiveBayes,none,SMOTE,none,0.2857142857142857,0.18181818181818182,0.7549517521584561,0.14984894259818682,0.2222222222222222,4.0,10.0,169.0,18.0,190.0
13,91.45408163265306,IBk,Best First,SMOTE,none,0.4666666666666667,0.3181818181818182,0.6687404773996953,0.3178397521027,0.3783783783783784,7.0,8.0,171.0,15.0,158.0
13,91.45408163265306,RandomForest,Best First,SMOTE,none,0.5454545454545454,0.2727272727272727,0.6193499238191975,0.3135469181980811,0.3636363636363636,6.0,5.0,174.0,16.0,165.0
13,91.45408163265306,NaiveBayes,Best First,SMOTE,none,0.2222222222222222,0.2727272727272727,0.787328593194515,0.14132317284378237,0.24489795918367346,6.0,21.0,158.0,16.0,181.0
14,92.09284028324154,IBk,none,none,none,0.125,0.041666666666666664,0.7542372881355932,0.002976190476190518,0.0625,1.0,7.0,170.0,23.0,237.0
14,92.09284028324154,RandomForest,none,none,none,0.0,0.0,0.743761770244821,-0.009644364074743656,0.0,0.0,1.0,176.0,24.0,241.0
14,92.09284028324154,NaiveBayes,none,none,none,0.42857142857142855,0.125,0.7928436911487758,0.14758269720101785,0.19354838709677416,3.0,4.0,173.0,21.0,214.0
14,92.09284028324154,IBk,Best First,none,none,0.2222222222222222,0.08333333333333333,0.7574152542372882,0.05999032414126742,0.12121212121212122,2.0,7.0,170.0,22.0,227.0
14,92.09284028324154,RandomForest,Best First,none,none,0.5,0.041666666666666664,0.7567090395480226,0.05964912280701751,0.07692307692307693,1.0,1.0,176.0,23.0,231.0
14,92.09284028324154,NaiveBayes,Best First,none,none,0.42857142857142855,0.125,0.7893126177024482,0.14758269720101785,0.19354838709677416,3.0,4.0,173.0,21.0,214.0
14,92.09284028324154,IBk,none,none,Sensitive Threshold,0.14285714285714285,0.08333333333333333,0.754472693032015,0.018949181739879254,0.10526315789473685,2.0,12.0,165.0,22.0,232.0
14,92.09284028324154,RandomForest,none,none,Sensitive Threshold,0.15384615384615385,0.08333333333333333,0.7069209039548022,0.026420079260237497,0.10810810810810811,2.0,11.0,166.0,22.0,231.0
14,92.09284028324154,NaiveBayes,none,none,Sensitive Threshold,0.5,0.16666666666666666,0.7928436911487758,0.20238095238095227,0.25,4.0,4.0,173.0,20.0,204.0
14,92.09284028324154,IBk,Best First,none,Sensitive Threshold,0.2,0.125,0.75765065913371,0.06826801517066974,0.15384615384615385,3.0,12.0,165.0,21.0,222.0
14,92.09284028324154,RandomForest,Best First,none,Sensitive Threshold,0.21428571428571427,0.125,0.7176318267419962,0.07665805340223904,0.15789473684210525,3.0,11.0,166.0,21.0,221.0
14,92.09284028324154,NaiveBayes,Best First,none,Sensitive Threshold,0.46153846153846156,0.25,0.7893126177024482,0.2624394539850286,0.32432432432432434,6.0,7.0,170.0,18.0,187.0
14,92.09284028324154,IBk,none,SMOTE,none,0.2857142857142857,0.16666666666666666,0.752942561205273,0.13436692506459946,0.2105263157894737,4.0,10.0,167.0,20.0,210.0
14,92.09284028324154,RandomForest,none,SMOTE,none,0.38461538461538464,0.20833333333333334,0.7761299435028248,0.2034346103038305,0.2702702702702703,5.0,8.0,169.0,19.0,198.0
14,92.09284028324154,NaiveBayes,none,SMOTE,none,0.5,0.20833333333333334,0.7936676082862524,0.24079320113314434,0.29411764705882354,5.0,5.0,172.0,19.0,195.0
14,92.09284028324154,IBk,Best First,SMOTE,none,0.375,0.25,0.7597693032015066,0.22607260726072578,0.3,6.0,10.0,167.0,18.0,190.0
14,92.09284028324154,RandomForest,Best First,SMOTE,none,0.4666666666666667,0.2916666666666667,0.7751883239171374,0.29414243573535603,0.35897435897435903,7.0,8.0,169.0,17.0,178.0
14,92.09284028324154,NaiveBayes,Best First,SMOTE,none,0.55,0.4583333333333333,0.791078154425612,0.43911719939117216,0.5,11.0,9.0,168.0,13.0,139.0
15,92.66958424507659,IBk,none,none,none,0.36363636363636365,0.2,0.807596685082873,0.20169228112588466,0.25806451612903225,4.0,7.0,174.0,16.0,167.0
15,92.66958424507659,RandomForest,none,none,none,0.0,0.0,0.7866022099447514,-0.018424689083371408,0.0,0.0,2.0,179.0,20.0,202.0
15,92.66958424507659,NaiveBayes,none,none,none,0.875,0.35,0.8098066298342541,0.4698568198944985,0.4999999999999999,7.0,1.0,180.0,13.0,131.0
15,92.66958424507659,IBk,Best First,none,none,0.0,0.0,0.7899171270718232,-0.03430531732418563,0.0,0.0,4.0,177.0,20.0,204.0
15,92.66958424507659,RandomForest,Best First,none,none,0.0,0.0,0.7553867403314917,-0.009567089213106209,0.0,0.0,1.0,180.0,20.0,201.0
15,92.66958424507659,NaiveBayes,Best First,none,none,0.75,0.3,0.794889502762431,0.39412207987942727,0.4285714285714285,6.0,2.0,179.0,14.0,142.0
15,92.66958424507659,IBk,none,none,Sensitive Threshold,0.2222222222222222,0.2,0.807596685082873,0.12836079791847363,0.2105263157894737,4.0,14.0,167.0,16.0,174.0
15,92.66958424507659,RandomForest,none,none,Sensitive Threshold,0.0,0.0,0.7524861878453039,-0.07104795737122513,0.0,0.0,10.0,171.0,20.0,210.0
15,92.66958424507659,NaiveBayes,none,none,Sensitive Threshold,0.7272727272727273,0.4,0.8098066298342541,0.4793645311690554,0.5161290322580645,8.0,3.0,178.0,12.0,123.0
15,92.66958424507659,IBk,Best First,none,Sensitive Threshold,0.0,0.0,0.7899171270718232,-0.07597996891728531,0.0,0.0,11.0,170.0,20.0,211.0
15,92.66958424507659,RandomForest,Best First,none,Sensitive Threshold,0.0,0.0,0.769889502762431,-0.07597996891728531,0.0,0.0,11.0,170.0,20.0,211.0
15,92.66958424507659,NaiveBayes,Best First,none,Sensitive Threshold,0.6428571428571429,0.45,0.794889502762431,0.48740835192859444,0.5294117647058824,9.0,5.0,176.0,11.0,115.0
15,92.66958424507659,IBk,none,SMOTE,none,0.36363636363636365,0.4,0.817403314917127,0.3089129859825444,0.380952380952381,8.0,14.0,167.0,12.0,134.0
15,92.66958424507659,RandomForest,none,SMOTE,none,0.18181818181818182,0.1,0.7827348066298343,0.06285615610429929,0.12903225806451613,2.0,9.0,172.0,18.0,189.0
15,92.66958424507659,NaiveBayes,none,SMOTE,none,0.5454545454545454,0.3,0.8029005524861879,0.34052840614747004,0.3870967741935483,6.0,5.0,176.0,14.0,145.0
15,92.66958424507659,IBk,Best First,SMOTE,none,0.3181818181818182,0.35,0.8156077348066298,0.25575244644273976,0.3333333333333333,7.0,15.0,166.0,13.0,145.0
15,92.66958424507659,RandomForest,Best First,SMOTE,none,0.46153846153846156,0.3,0.8276243093922652,0.30950433502372005,0.3636363636363637,6.0,7.0,174.0,14.0,147.0
15,92.66958424507659,NaiveBayes,Best First,SMOTE,none,0.4166666666666667,0.5,0.7946132596685083,0.38812785388127835,0.45454545454545453,10.0,14.0,167.0,10.0,114.0
16,93.13858695652173,IBk,none,none,none,0.6,0.10714285714285714,0.7024835796387521,0.1459442530535547,0.18181818181818182,3.0,2.0,172.0,25.0,252.0
16,93.13858695652173,RandomForest,none,none,none,0.5,0.03571428571428571,0.6501436781609196,0.04909213180901145,0.06666666666666667,1.0,1.0,173.0,27.0,271.0
16,93.13858695652173,NaiveBayes,none,none,none,0.8333333333333334,0.17857142857142858,0.756568144499179,0.2578077158603798,0.29411764705882354,5.0,1.0,173.0,23.0,231.0
16,93.13858695652173,IBk,Best First,none,none,0.5,0.10714285714285714,0.7014573070607554,0.13410900183710966,0.17647058823529413,3.0,3.0,171.0,25.0,253.0
16,93.13858695652173,RandomForest,Best First,none,none,0.6,0.10714285714285714,0.6455254515599343,0.1459442530535547,0.18181818181818182,3.0,2.0,172.0,25.0,252.0
16,93.13858695652173,NaiveBayes,Best First,none,none,0.875,0.25,0.7577996715927751,0.34876905041031675,0.3888888888888889,7.0,1.0,173.0,21.0,211.0
16,93.13858695652173,IBk,none,none,Sensitive Threshold,0.25,0.10714285714285714,0.7024835796387521,0.07289416846652265,0.15,3.0,9.0,165.0,25.0,259.0
16,93.13858695652173,RandomForest,none,none,Sensitive Threshold,0.16666666666666666,0.07142857142857142,0.7102832512315271,0.018358531317494542,0.1,2.0,10.0,164.0,26.0,270.0
16,93.13858695652173,NaiveBayes,none,none,Sensitive Threshold,0.875,0.25,0.756568144499179,0.34876905041031675,0.3888888888888889,7.0,1.0,173.0,21.0,211.0
16,93.13858695652173,IBk,Best First,none,Sensitive Threshold,0.23076923076923078,0.10714285714285714,0.7014573070607554,0.06407201482658191,0.14634146341463414,3.0,10.0,164.0,25.0,260.0
16,93.13858695652173,RandomForest,Best First,none,Sensitive Threshold,0.2857142857142857,0.14285714285714285,0.7337848932676518,0.10805194805194804,0.19047619047619047,4.0,10.0,164.0,24.0,250.0
16,93.13858695652173,NaiveBayes,Best First,none,Sensitive Threshold,0.6153846153846154,0.2857142857142857,0.7577996715927751,0.3314800105904158,0.3902439024390244,8.0,5.0,169.0,20.0,205.0
16,93.13858695652173,IBk,none,SMOTE,none,0.42857142857142855,0.21428571428571427,0.7200328407224958,0.21298701298701306,0.2857142857142857,6.0,8.0,166.0,22.0,228.0
16,93.13858695652173,RandomForest,none,SMOTE,none,0.4444444444444444,0.14285714285714285,0.6477832512315271,0.15954088952654238,0.21621621621621623,4.0,5.0,169.0,24.0,245.0
16,93.13858695652173,NaiveBayes,none,SMOTE,none,0.7272727272727273,0.2857142857142857,0.7652914614121511,0.36023134122831196,0.4102564102564102,8.0,3.0,171.0,20.0,203.0
16,93.13858695652173,IBk,Best First,SMOTE,none,0.4,0.21428571428571427,0.7186986863711001,0.2018863114963039,0.27906976744186046,6.0,9.0,165.0,22.0,229.0
16,93.13858695652173,RandomForest,Best First,SMOTE,none,0.36363636363636365,0.14285714285714285,0.6847290640394089,0.13770311209033326,0.2051282051282051,4.0,7.0,167.0,24.0,247.0
16,93.13858695652173,NaiveBayes,Best First,SMOTE,none,0.5263157894736842,0.35714285714285715,0.7665229885057471,0.3530249110320286,0.425531914893617,10.0,9.0,165.0,18.0,189.0
17,92.78058007566204,IBk,none,none,none,0.25,0.021739130434782608,0.7578997386552625,0.008121277747698852,0.04,1.0,3.0,180.0,45.0,453.0
17,92.78058007566204,RandomForest,none,none,none,0.0,0.0,0.6120218579234973,0.0,0.0,0.0,0.0,183.0,46.0,460.0
17,92.78058007566204,NaiveBayes,none,none,none,0.23783783783783785,0.9565217391304348,0.6236635780470421,0.08729340282616574,0.380952380952381,44.0,141.0,42.0,2.0,161.0
17,92.78058007566204,IBk,Best First,none,none,0.3333333333333333,0.043478260869565216,0.5709194583036351,0.03205353997886567,0.07692307692307691,2.0,4.0,179.0,44.0,444.0
17,92.78058007566204,RandomForest,Best First,none,none,0.25,0.21739130434782608,0.5418151579947731,0.056200824278756,0.23255813953488372,10.0,30.0,153.0,36.0,390.0
17,92.78058007566204,NaiveBayes,Best First,none,none,0.24043715846994534,0.9565217391304348,0.5973509147065811,0.09313298694003648,0.3842794759825327,44.0,139.0,44.0,2.0,159.0
17,92.78058007566204,IBk,none,none,Sensitive Threshold,0.25,0.021739130434782608,0.7578997386552625,0.008121277747698852,0.04,1.0,3.0,180.0,45.0,453.0
17,92.78058007566204,RandomForest,none,none,Sensitive Threshold,0.0,0.0,0.5937277263007841,0.0,0.0,0.0,0.0,183.0,46.0,460.0
17,92.78058007566204,NaiveBayes,none,none,Sensitive Threshold,0.21428571428571427,0.9782608695652174,0.6223568543597054,0.03282108691227353,0.35156249999999994,45.0,165.0,18.0,1.0,175.0
17,92.78058007566204,IBk,Best First,none,Sensitive Threshold,0.3333333333333333,0.043478260869565216,0.5709194583036351,0.03205353997886567,0.07692307692307691,2.0,4.0,179.0,44.0,444.0
17,92.78058007566204,RandomForest,Best First,none,Sensitive Threshold,0.30434782608695654,0.30434782608695654,0.5228676645283915,0.1294844381088144,0.30434782608695654,14.0,32.0,151.0,32.0,352.0
17,92.78058007566204,NaiveBayes,Best First,none,Sensitive Threshold,0.21256038647342995,0.9565217391304348,0.5973509147065811,0.02848841693878074,0.34782608695652173,44.0,163.0,20.0,2.0,183.0
17,92.78058007566204,IBk,none,SMOTE,none,0.25,0.06521739130434782,0.7517224994060346,0.022171128264082924,0.10344827586206896,3.0,9.0,174.0,43.0,439.0
17,92.78058007566204,RandomForest,none,SMOTE,none,0.0,0.0,0.6888215728201473,-0.025216994061215327,0.0,0.0,3.0,180.0,46.0,463.0
17,92.78058007566204,NaiveBayes,none,SMOTE,none,0.21256038647342995,0.9565217391304348,0.5810168686148729,0.02848841693878074,0.34782608695652173,44.0,163.0,20.0,2.0,183.0
17,92.78058007566204,IBk,Best First,SMOTE,none,0.2,0.6956521739130435,0.5089094796863863,-0.0019720219387440695,0.31067961165048547,32.0,128.0,55.0,14.0,268.0
17,92.78058007566204,RandomForest,Best First,SMOTE,none,0.23931623931623933,0.6086956521739131,0.5746614397719173,0.07755148138387986,0.34355828220858897,28.0,89.0,94.0,18.0,269.0
17,92.78058007566204,NaiveBayes,Best First,SMOTE,none,0.21052631578947367,0.9565217391304348,0.5860061772392492,0.02359128858477803,0.34509803921568627,44.0,165.0,18.0,2.0,185.0
